Model,Accuracy,Precision,Recall,F1-Score,ROC-AUC
1. Logistic Regression,0.9999743852459017,0.9999131869085858,1.0,0.9999565915700829,1.0
5. XGBoost,1.0,1.0,1.0,1.0,1.0
4. Random Forest,1.0,1.0,1.0,1.0,1.0
2. Support Vector Machine (SVM),0.9993852459016394,0.9986118341141766,0.9993054349713492,0.9989585141468496,0.9999991009418231
3. K-Nearest Neighbors (KNN),0.9915727459016394,0.9786123706048422,0.9931411703420733,0.9858232429870297,0.9967090180481544
